model,train_mae,train_r2,test_mae,test_rmse,test_r2,test_mae_magnitude,training_time,avg_prediction_time
random_forest,0.049923788547148906,0.41611683560435,0.02889747665087451,0.223403452692079,-1.8552320639686326,0.04042720780209132,0.1154639720916748,0.13315081596374512
gradient_boosting,1.0988958406141027e-05,0.9999999778703764,0.011092987609154987,0.17296065228218763,-0.03425790110912963,0.018296092317531737,0.3653280735015869,0.002440214157104492
mlp,0.08604958504237205,0.07471859659169328,0.0677430920364261,0.19965862231877876,-1.0326333939117132,0.09969032020387084,0.02720189094543457,0.0008547306060791016
